Year,Fill_Rate
2000,0.813894
2001,0.791825
2002,0.775471
2003,0.797387
2004,0.812834
2005,0.827815
2006,0.814842
2007,0.827573
2008,0.821971
2009,0.787821
2010,0.797652
2011,0.782266
2012,0.800808
2013,0.804619
2014,0.787115
2015,0.770715
2016,0.774941
2017,0.756281
2018,0.745511
